400105144,aalamdar
400109949,aalsouri
400109384,aasalimi
400105122,aazizi
400109638,abbaszade
400109287,aboushehrian
400104715,aghayari
400105206,agolmohammadi
400170363,ahadavi
400104772,ahanjan
400104794,albakhtiari
400109865,alsafari
400104748,alvandi
400109984,amajidi
400104759,aminianfar
400104845,apourtavana
400104997,asabzi
400170306,asady
400105036,asalimian
400105285,asemanenafe
400170317,atorabi
400104964,ayrasteh
400104812,bashari
400104834,bayhaghi
400104931,daliran
400101153,derakhshandeh
400105155,dgharib
400105188,dghobadi
400108774,ememamjomeh
400170352,emohammadi
400104891,erfjafari
400105014,esalima
400109702,essind
400105025,fatimasoleimani
400105217,fslajevardi
400110099,fzhosseini
400109605,hajipour
400170374,hartounian
400108882,hmdalipour
400104783,izadpanah
400104878,jafarabadi
400109916,khosravian
400105199,koochakian
400109673,kooshky
400109843,lahabi
400100724,lireza
400104697,mahmadpour
400110011,mahrooghii
400104726,makbr
400105241,masoumirz
400101978,massah
400104801,mehbakh
400109927,mehsohrabi
400105274,meighani
400105263,mirienigma
400109481,mirzayi
400105239,mmmohammadi
400105166,moghasemi
400104704,mohesmaili
400108944,mosallanezhad
400109781,mrezabadri
400105093,msamadi
400109819,mtahami
400105296,naqdalie
400105228,nnlotfi
400105303,nvasei
400171392,pkhajepour
400108547,prezaei
400105133,programmer
400104942,rahmanimiyab
400109938,rezaeimoghadam
400109616,rheidari
400105082,saboor
400104889,sajafari
400105252,seyyedehmousavi
400109298,seyyedhosseini
400105069,shabany
400109905,shahali
400105058,shalchian
400109876,skhanaki
400109684,smizanian
400105047,sohraabi
400104737,splenta
400105071,sshakib
400104867,taebi
400101526,tayyeb
400109951,trezaei
400109779,yahghasemi
400104986,zargari
400105109,ziyaei
99105594,aabedi
99170564,aamgh
99105601,abbasii
99101881,abbastabaar
99102242,abomo
99105197,abotalebi
99109217,absoltani
99109109,adadras
99101976,afarshi
99105204,ahmadzade
99105259,akbarii
99105215,akhlaghain
99105261,alance
99101921,alihosseini
99105583,alisafara
99101932,alizademhdi
99105718,amasoudifard
99170531,amfakhimi
99109252,amhajimohammadrezaie
99101308,amirbrt
99101043,amiril
99105391,amirkhazama
99109382,amirzaee
99109828,anekouie
99109188,apmontaseri
99170445,arahimi
99170348,aranpour
99105797,arnoroozi
99105345,asaghafian
99105667,bigwhoman
99102286,bmaleki
99109817,bnabawi
99105301,bonaftizadeh
99105429,cekhoshbakht
99170372,cheginii
99105431,daraie
99170423,davoodzadeh
99105442,dibaeinia
99170467,doroshanzamir
99105623,enayaty
99101835,esadraiye
99109303,esmaeilakhoondy
99105226,esmzdh
99170394,fakhojasteh
99109358,fatemehalimoradi
99105645,foroodnia
99102026,ghalandary
99170542,ghamghaam
99109393,habib
99109799,hamarafati
99171333,hbehnam
99105497,hesoleymani
99105389,heydarinasab
99105804,hezaveh
99102123,hgoli
99105378,hmhkashi
99170575,hmiremadi
99109274,hmohammadi
99105537,hsadeghzadeh
99105272,iraji
99101365,javadian
99102037,kamikazari
99105656,karimih
99105312,kbahadori
99105418,khalafi
99170412,khanari
99170401,khosravimanesh
99102101,kianfard
99105731,kmoeini
99109411,kysrehajian
99102326,liomaham
99105248,maghaie
99109122,mahdihajibeygi
99105691,maheronnaghsh
99102297,malekia
id: marpom: No such user,marpom
99105237,marzieafshar
99100517,masoodi
99109239,mazaherii
99170361,mehrbarzamini
99105689,melotfian
99101427,mhaajihusaini
99105475,mhdsdt
99109755,mhraei
99105775,milanloo
99109336,mmahmoudi
99109314,mmvahedi
99102207,mohammadiii
99105634,mohfarhadi
99101738,mohosalimi
99105548,mohsadeghi
99105515,mohsenshirazi
99105707,mojibi
99102315,monaggesh
99105729,mosayebi
99109047,moshtaghifar
99102348,mousazadeh
99105753,mowlavisorond
99170478,mrshapoori
99105407,mukhosravi
99102423,naghirazlighi
99170586,najihadadi
99102059,nakazemi
99105612,naskari
99170597,navabi
99102401,nazary
99109325,nbabashah
99102383,nimana
99170604,noorhastam
99102489,ortvd
99101632,ostadrezaei
99105294,pbateni
99101868,pouriaarefi
99109155,psadeghian
99109777,pzahraei
99101621,rahimiakbar
99100393,rahmizad
99109296,razghandi
99101557,rdaneshi
99109241,rdolatabadi
99170456,rezaeikalantari
99105453,rezaiemri
99105764,rkhoshnevis
99170553,rmoslemi
99105572,salehisadaghiani
99105559,salehy
99105334,salesi
99109788,salimipanah
99170491,sedighi
99170615,sevahedi
99109806,shaymad
99171322,sheikhsalimi
99109177,shpardis
99105356,smmjamshidi
99102361,smnajafi
99102412,soheiln
99109285,srahimi
99170489,sshamekhi
99105504,ssherafat
99101665,sutrazavipour
99105323,tamkhisha
99101343,tavanaie
99101354,teymoorianar
99102491,vahidimajd
99105815,yadegare
id: ynajaf: No such user,ynajaf
id: ynajafi: No such user,ynajafi
99101846,zahrasafari
99170529,zalipour
99109766,zarea
99109744,zazar
99100422,ziamahdinejad
98109731,aaheidari
98105908,aarabzadeh
98105879,abasi
98103867,abolnejadian
98105557,abootorabi
98105751,adalili
98106478,adehghani
98101555,adehghanpour
98101209,aeini
98103878,ahadinia
98105705,ahasanz
98101403,ahosseinkhani
98105738,akhademian
98102024,alipourim
98101193,alirezaeiji
98109804,ambadal
98105621,ambagheri
98109689,amimani
98105579,aminaryan
98106807,amisazadeh
98171053,amkamir
98109753,amsky
98106123,anajibi
98110349,arbabaei
98101544,armindelgosar
98105665,aryajalali
98105835,asoleimani
98170816,ayrafiei
98105568,azarian
98101125,bahasadi
98171104,bamohammadi
98101244,beigi
98105592,dafazeli
98101182,dariusamiri
98110084,darkmomen
98105762,dehbashy
98102227,dmajdi
98105998,donkarami
98106101,emovaffagh
98105921,fasgari
98102092,fetrat
98105965,ghahramanikure
98105976,gheidi
98105619,haghaei
98170776,hajimohammadebrahim
98101447,hamzei
98101385,hatam
98109559,hbagheri
98106156,hejri
98102551,honarvar
98109786,hryaghoubi
98105687,hssoleyman
98105654,jafarivarnous
98101363,jahaninezhad
98171042,kadkhdaei
98109656,kalbasi
98105546,kalooki
98105987,kashanijabbari
98102132,keypoor
98102154,kianian
98106048,mahdimostajeran
98109612,mahjafari
98106037,mahmoudabadi
98102119,malikakavand
98105813,mbsoltani
98105676,mcheraghi
98106456,mdaghyani
98105892,mehabdi
98105773,mhdolatabadia
98171212,mhhashemi
98102454,mirkamali
98109634,mirmohammadi
98101074,mjhezareh
98106112,mmirzaei
98102335,mmmasoudpour
98106059,mmofayezi
98102251,moalimohammadkhani
98109883,modavoodabadi
98109537,mogfr
98110351,moosavimoosavi
98106094,moroukian
98101888,moshahrad
98100548,moshtaghyun
98101482,mrkhodabandelou
98100442,msaadat
98105824,msalmani
98101809,mshoja
98100323,naveslami
98109572,nedaeipour
98102487,nejadmalayeri
98110062,omoomi
98106286,paksima
98100118,pchavoshian
98105581,pesmaili
98109729,phalvachi
98109583,phosseini
98102284,pmohammadian
98106061,pourpoury
98105932,ralipour
98109764,rasoli
98101639,razavitaheri
98105919,rerfan
98105784,rezae
98101306,rpirayadi
98105857,rsoumi
98106004,sadeghmajidiyazdi
98105943,seyyedalireza
98101822,shabanzadeh
98101844,shamsipour
98109601,sharifia
98105716,shhosseini
98102273,shmohamadizade
98101169,sinaelahimanesh
98100389,sjahanzad
98101339,sjarollahi
98109561,smmhatami
98106026,smohammadi
98105868,smstabaian
98109623,soltanimoakhar
98106015,somohammadi
98106134,spneshaei
98110049,srahmany
98105846,sshojai
98109548,talaei
id: testnik: No such user,testnik
98106167,vanaki
98171064,yacgolzar
98105795,yaszolfi
98105749,ykharazan
98105881,zabbasi
98170849,zahedimovahed
98106083,zimmo
97105703,aahmadikafeshani
97110422,aakhavan
97105714,aasad
97101326,abalapour
97106121,abdollahisarvi
97106132,abdollahzadeh
97106205,aghasemi
97102044,ahabbasi
97102609,ahhadian
97105696,ahmadkhani
97106013,ahsalimi
97110166,alimohammadiam
97110788,alirezaisavand
97110433,alirezzzhp
97106024,aliseifkashani
97106068,alishirmohammadi
97102088,amasgari
97100495,amghasemi
97105771,aminiafshar
97106273,aminmeghrazi
97106262,amoeini
97110188,amohammadian
97110003,arietemadi
97102388,armohammadi
97110122,ashafie
97101372,atajmirriahi
97110239,ayounesi
97101315,babazadeh
97110025,bakhtari
97105793,behnasr
97105906,bkhodabakhshian
97110047,cheshmjahan
97105725,danfar
97110563,dbarari
97110393,ddavoudi
97110155,derfanian
97105939,dornadehghani
97110206,emoeini
97102174,erfanfi
97105747,eslaminejad
97101156,esnaa
97106187,faghfoormaghrebi
97106154,farahanii
97105996,farzohdi
97106227,ghanati
97105736,gnomy
97110177,hamidkamkari
97106295,hamilamailee
97106313,hashemabadi
97102622,hashemii
97101191,hehsani
97105758,hesmaeili
97110069,hosseinabadi
97106046,hsharifzadeh
97106081,hsobhi
97105844,jarrahi
97105877,javanmardd
97106079,jsadeghi
97105917,kadarzilarijany
97110325,karimloo
97110109,kerezaei
97105899,khashei
97101586,khosravix
97107256,knoorbakhsh
97110296,maghasemzadeh
97105769,mahsaama
97102441,marashian
97110274,masihi
97105928,mdehghankar
97110347,mehdizadehsani
97110133,mehrdads
97104707,menajafi
97106165,mfarahani
97106176,mfarzadi
97106143,mfotouhi
97106238,mgheisarieh
97105888,mhajimohamadali
97105811,mhbahmani
97110228,mimmahdavi
97106251,mirchegini
97105866,mjamshidi
97110058,mmdsharifi
97101553,mohamzeh
97110071,moheidary
97110625,momohammadi
97110285,mrabdi
97110093,msadraheydari
97110014,mshojaeyan
97101359,mspourghannad
97106302,namdar
97107212,namjoo
97107245,nazarmohseni
97105855,neginjfi
97110217,nosratbakhsh
97105782,ojaghi
97110036,pashanjjj
97110199,pmoeini
97101959,psaremi
97101275,ramini
97105952,rashidpour
97110411,rezdolati
97101694,rrahimi
97105963,rroghani
97110263,saadat
97110144,sadeghshobeiri
97106002,salemahim
97100581,sbhashemi
97108263,sepehsafari
97101286,sepilami
97105941,seyedabolfazlrahimi
97110111,seyedjavadi
97110082,sharifikiasari
97106035,shateri
97101897,shenavar
97106057,shokry
97106249,skeshavarzi
97106198,smfaghih
97105974,sreyhani
97101829,ssalimi
97100462,szafarpoor
97106108,taherkhaniiiii
97105809,tbahadori
id: testmarjan: No such user,testmarjan
id: testmarjann: No such user,testmarjann
97101804,testsouri
97106119,yasharzb
97106216,ygharedaghi
97105822,ygparvin
97106324,yousefpour
97102009,ysamadzadeh
97101915,yshysh
97105985,zafarani
97106092,ziaee
97102717,zyousefi
96109906,aarya
96105564,aeftekhar
96105575,afsari
96105994,aghorbanpour
96106033,ahkarimi
96109952,ahmadia
96109606,ajalaee
96106882,akarimi
96110504,alabbasi
96102029,alimohammadzadeh
96105745,alirezadizaji
96101121,amabouei
96109877,amahmoudian
96105756,amdigbari
96105394,amirmosio
96109652,amirzaei
96106117,amoghimi
96109599,amsabour
96106066,aradmhm
96109771,arazavi
96101657,arezvani
96110283,arlotfi
96106077,armimmo
96105829,arsaad
96105915,artabatabaeian
96105542,arvina
96105897,asalehi
96105864,ashakeri
96106055,ashkanlarni
96110078,atalaie
96105818,atenasaghi
96101284,ayromlous
96109833,benghaseminia
96109782,broken
96105637,cetavakkoli
96101602,damavandi
96105723,daqiq
96105767,dinpashoh
96105531,ehyaee
96110204,ekhodaie
96106106,emasoumi
96101198,eskandar
96105937,fattahpour
96102104,fforghani
96110272,frostamkhani
96109696,fsajadi
96102278,garjania
96105983,ghadirli
96106009,ghanbarishce
96100469,ghaznavi
96106044,golii
96109736,hbehboudi
96109939,hhedayati
96110056,hhosseini
96105694,hodoodi
96106128,hqmirteymouri
96105778,hzaker
96105597,iambabaei
96109809,igholami
96101913,jacksmithend
96105672,jahanbakhshs
96105661,jamalin
96105648,javid
96109758,kamini
96106022,kasiri
96109963,kbanihashem
96102291,kgolzadeh
96105712,khanaki
96110129,kimyazdani
96109714,kshariat
96105734,madalirrooyfard
96109855,magaroosi
96102523,mehrdadmirzaei
96105926,merfanian
96110645,mesgarha
96105831,mhanifsaadaeijaromi
96105604,mhtbeigverdi
96105659,mjafaari
96105683,mjavanmardi
96105961,mkfaghih
96101262,momidvart
96106088,mosymashayekhi
96109588,mousavihosseini
96101646,mrostami
96105886,msheikhi
96105842,mssaeidi
96109899,nademi
96106141,nasirpour
96109917,nematollahi
96106741,nfathi
96100085,nfbahrani
96105626,pajoum
96102245,pkolahdoozan
96107898,pourghasemi
96104881,pteimouri
96105791,rahmany
96109725,ravoonbakhsh
96105807,rezvany
96110091,rhemmati
96106099,rouzbehmeshkinnejad
96100436,rsafavi
96106163,ryarbakhsh
96106139,sajjad
96105875,sajshahabi
96105904,salavati
96109663,salehie
96110797,salehsagharchi
96109769,saneian
96105789,sararajabzadeh
96109703,sbolouki
96105853,sendani
96105959,sepehrfeli
96105948,sfarghadani
96105553,sharasti
96105972,shghasemi
96105701,shosseini
96106011,sikazemi
96110294,smmahdavi
96110107,smokhtari
96105615,spahang
96109822,staslimi
96106152,svafaiet
96102664,svahedi
96109811,taslimi
96100000,testuser
96109747,usefshakiba
96110118,vaezt
96110067,veezee
96102629,ynooran
96102053,zfazel
95103729,aahmadi
95105392,aaimani
95109229,aasadi
95109253,abahjati
95104493,abahrami
95109218,abolghasemi
95109297,adehghan
95105324,adibii
95102062,afatemi
95105357,agapoorbonab
95105884,agolpayegani
95109242,ahamiri
95105754,ahfathi
95109478,ahmotameni
95109094,ahnestiri
95105379,akbary
95109529,alian
95105527,alikhani
95109662,alnasr
95109904,alshahrab
95105295,alvafaei
95102338,amalek
id: amirmd: No such user,amirmd
95105176,amirmhp
95105732,amoghadam
95105827,amrezkazemi
95109683,aowfi
95105895,armikaeili
id: armikaeili-old: No such user,armikaeili-old
95105595,armzn
95105657,arsamiei
95105646,asamiei
95105635,asoleymani
95109264,bahjatia
95105421,banaei
95105408,baselizadeh
95105573,bzabihi
95105562,dehghanrey
95109648,ehteshami
95109231,ekbatani
95105816,esikashaninia
95109661,fabbaspour
95105765,fahmide
95104952,farhadierf
95105419,fbagheri
95105902,fhadizadeh
95105476,fjafarzade
95105443,fpouyamehr
95101706,garamaleki
95106494,ghamkhar
95105805,gharaghanireza
95105743,ghayoori
95105851,golezardi
95105849,gorji
95105516,hafizi
95101009,hahmadzadeh
95106472,halikhani
95109434,hamidieh
95105302,hebrahimik
95102327,hmoghaddas
95105368,hsnaghamohammadi
95105708,htalaeian
95109304,hzakerynia
95106437,jabdi
95105465,jadidahari
95170413,javanshah
95105838,karrabi
95105538,khajaviii
95109286,khoddambashi
95105454,kjaferian
95105505,manoman
95105335,mazari
95105787,mghadimi
95101399,mhasanzadeh
95105498,mhosseinzadeh
95105346,mhras
95109372,mmajid
95109359,mmohammadi
95109326,mmshokri
95106607,mohammadpour
95170543,mohammadrezasabramooz
95105862,moradish
95105668,motaharesohrabi
95109383,mousapour
95105313,mrahmadkhaniha
95105487,mrezajafarzade
95105681,mrezasalehi
95105776,mrghasemi
95109337,mshahidi
95108008,mskhorasani
95105798,mtghorbani
95105549,mtkhajavi
95109915,nikdan
95105238,nobahari
95170508,nsadjadi
95105721,omranpour
95105432,pakzad
95104663,rahimirad
95109315,rakhsha
95105719,rasakereh
id: rasoul: No such user,rasoul
95105602,rismanchians
95109348,roohzadeh
95105624,salarkia
id: salarma: No such user,salarma
95108224,salehialashti
95109467,shairi
95105679,sheikhha
95109553,sinamousavi
95109394,spmirtaheri
95109361,sskahani
95105692,talebia
95105584,xrahmani
95104866,ytabatabaee
95105613,zeiny
95103175,ziabari
400200857,aalaei
400201037,aasgari
400201026,abdollahimoghadam
400200965,abiuki
400210925,abolghasemy
400211535,afshaar
400211524,ahmadiyan
400200921,akbarizarkesh
400200879,alirasadi
400200824,amaghapour
400211076,amdhasani
400210722,amfarhadi
400201083,amirinezhad
400210766,arezaee
400211462,asalmani
400210744,ashnavar
400201101,azarenejad
400210709,bdara
400211376,beheidary
400211065,chehelmardian
400211546,dahangarani
400210947,ebeydaghi
400211184,ehzangeneh
400211513,fadaei
400211224,fereidoon
400200998,fgolshiri
400210969,fhosseini
400211416,fkarimi
400211581,fmfarahani
400210896,ghafouri
400211019,ghahroodi
400211319,gholinejad
400211235,ghorbanny
400210733,golgolni
400211321,golkar
400200846,hdashtbani
400200932,hmirhosseini
400211365,hoseinahangari
400200868,hsanaee
400210828,jahanmir
400210658,jangholi
400211621,kavian
400210682,khodadadkashi
400211138,mahjuri
400200892,mahyazdani
400210914,mansurian
400211449,masumebabazade
400211032,masumi
400201059,mazloumzadeh
400210711,mdousti
400210788,mebrahimzadeh
400200943,mesnaashari
400201048,mghaderan
400211502,mhalikhani
400211213,mmdsaberi
400201004,mohammadilak
400211246,mohgeramy
400211654,montazri
400211343,moosaabadi
400200919,movasaghinia
400201156,mrfereydooni
400211151,mrnajafi
400210993,msadraei
400211354,nesaee
400210671,nestaki
400200813,pourakhavan
400211398,pshateri
400200976,raeisi
400210755,rhjar
400211332,rmohammadi
400211427,rmousavi
400201134,rtaheri
400211484,rzabbasi
400211495,sabdous
400211195,sanazsoodi
400211008,sepghobadi
400212253,seyedi
400211292,shirmast
400211105,shrezazad
400211116,shshokri
400210693,siamaki
400210971,srashidy
400211568,zadebrahimi
400210863,zarahimi
400210777,zarinkia
400211149,zmirzaei
400211054,zryousefi
400210806,ztaghavi
99210572,abbasfallahi
99201187,abdollahpour
99210089,adibnia
99209888,agheibi
99210707,ahadi
99209985,ahmadjavadi
99201081,ahmohammadi
99210323,alavian
99201273,alikhasi
99210301,alisafarpoor
99210312,ameli
99210197,amoazami
99209939,amoloudi
99210204,amoosavi
99210561,arameli
99201324,arjomandbigdeli
99201154,asahebi
99210634,baghgolshani
99200747,bjahani
99210645,bnbagh
99210261,chaichi
99210378,delkhah
99201057,efarshadfar
99210548,farahmand
99201132,fmahdavi
99201313,frahmani
99210537,frezaei
99201476,fshahinfar
99210431,fshnkarimi
99210742,ghadimideylami
99210526,ghandali
99210678,gharizadeh
99210475,hamedhematian
99210356,hejazyan
99210272,hhamidi
99210091,hjahad
99210175,hkalantari
99210837,hkarisani
99210367,hkhalili
99210186,hlotfi
99210334,hmirzayees
99210118,hosseinkouchack
99210129,htaherkhani
99210045,kabdi
99210056,kalantariy
99210612,kamani
99201119,kargaran
99210164,khoshechin
99210464,knajafiaghdam
99210442,lagzian
99201498,mahdiakhi
99210023,mahdiramezani
99210718,mammali
99210131,masoudms
99210497,mbasiri
99210594,mdara
99209928,mehrafrooz
99201079,mfeili
99210418,mghafourian
99201465,mirferdos
99210142,mirzababaie
99209941,mizani
99210107,mjahanbakhsh
99210753,mkafi
99209996,mkhanalizadeh
99209906,mmoazzam
99210623,moazzen
99210848,moeinijam
99210067,mohseny
99210453,montazeran
99209917,montazerzohoor
99210078,mostofi
99209899,mpfard
99210601,mrarabzadeh
99201421,msabeghi
99209877,mshadab
99210583,muhamadi
99210667,mzamani
99210215,nazariz
99210248,parto
99210283,pkhani
99210691,plaghaee
99210259,pourmand
99209866,psani
99210389,rabieee
99209963,rahmadi
99210294,ramazani
99210656,rastegarr
99210804,rostamice
99210797,rrezahatam
99200641,rsadeghi
99203885,rzali
99201046,sakhaei
99210012,sarezaei
99210001,sdarvishi
99210731,sekaleshfar
99200782,shahidzadeh
99210407,shamshirgarha
99201092,siyadatzadeh
99209855,smebrahimi
99201238,snadi
99210391,stvty
99210034,tabatabae
99209974,taghavinia
99210237,valoubian
99210486,yazdanifar
99209952,yazdanpanah
99201302,zakerzadeh
99201205,zesadeghian
99210504,zrefaee
99210559,zrezaei
98208619,abarati
98208738,abdosalehi
98208762,abmohammadi
98209167,ahaskarifarsangi
98208568,aiebrahimi
98208654,ajamshidi
98208813,akhoondian
98208727,alivand
98201739,amozayani
98209112,amrezvani
98209586,amsobhanian
98208965,arsadeghi
98209359,azizipour
98208976,azizmalayeri
98209072,badali
98209242,badri
98208608,bahrpeyma
98209542,bajand
98208835,banayeean
98208824,barikbin
98209445,batmanghelich
98209648,bidgoli
98209478,dadjuy
98208868,dastani
98201893,ebrahimzadeh
98209061,ehsansari
98209372,emadi
98209597,ezzatpanah
98209383,faryabi
98208773,fmohammadi
98208716,ftahmasebi
98208665,hadayeghparast
98209156,halipanah
98201785,hashemig
98208932,heydars
98208632,hpourvali
98209489,irahmati
98209694,jgholamzadeh
98209286,khallili
98209659,khanalizadeh
98209275,khazaie
98209467,khazayi
98209626,mahdiz
98209615,malekmohamadi
98209361,malipour
98208592,mamiri
98209178,marygheysari
98209507,mashabani
98209637,mayousefi
98209434,mbnejati
98208749,mhghaderi
98209026,mhmojab
98209712,mirfakharamir
98209207,mirzanahal
98209094,mmheydari
98209604,mmoghaddas
98209218,mnajafi
98209723,mnakhaei
98208784,mohammadmohammadi
98201803,mosafari
98208857,mpartovi
98201847,mrajabzadeh
98209297,mrasekhi
98209253,mtamadon
98209059,myounesi
98209123,mzarean
98209412,namousavi
98201525,nikan
98201869,nikpour
98208643,njoghtaei
98209491,nsajadi
98208621,paridari
98209672,parizarei
98208987,pkashani
98201763,prostami
98208698,psajjadi
98208892,ranginkaman
98208881,razavii
98208908,riyahi
98201796,rmirzaie
98209015,saeedmotevalli
98201922,samohammadi
98209518,shafieazad
98209134,shahcheraghi
98208751,shkatebi
98212009,shojaeiyeganeh
98208579,siahmadi
98209683,soheil
98208687,srezagholi
98209145,ssaberi
98209315,sseradj
98201871,taherinastooh
98208921,tehrani
98208581,yaghamohammadi
98209531,yavari
98201858,ziraki
98209575,zivari
97214449,abiri
97212794,abolhasanii
97212426,afadaee
97212523,aghababazadeh
97201234,agholamzade
97201737,ajodeiry
97212534,akbartajari
97212975,akhatami
97213274,alipanah
97212494,amhassanisedu
97213239,amirmozafari
97212907,ammirzaei
97213111,amohamadi
97212545,aomidi
97213296,arkarimi
97201289,aroshanzamir
97212375,arsanaei
97213336,asadimoghadam
97201783,asemanmanzar
97212386,ashafiei
97212642,atani
97214473,azharbabil
97212556,badrestani
97213155,bajalan
97214579,barsazish
97212289,bazkhanei
97212578,bibak
97213199,bitbeter
97213003,daliri
97213382,dashab
97201631,dehghanniri
97212997,deljouyi
97212437,efard
97212964,ehtorkaman
97212307,elipishyar
97213433,emoradi
97213411,farahzad
97201629,farzinnejad
97212472,fgolshan
97201029,fgorbanpor
97212591,fjalali
97213241,fsaghaie
97212867,ghazanfari
97212715,ghelichkhan
97201329,gohary
97201845,gsarafraz
97201715,haddadian
97213217,hadinejad
97212567,hbarghi
97213228,hemmat
97201578,hnafisi
97201812,hsaneimousavi
97212364,hsojoodi
97212329,htaghizade
97213014,hzali
97212415,jaberazizi
97212331,jalalzadeh
97212607,jamshidian
97212342,jourmehr
97212931,kakbari
97212461,kalhor
97213285,kargarnovin
97212726,karimii
97212459,kaviany
97213177,khezrian
97212986,kholdi
97212631,khoubi
97212891,kmazaheri
93105426,loghmani
97212404,mabbasinia
97212889,mahmoudinia
97213082,majidi
97212278,makasaadi
97213206,malekabbasi
97214568,masaqib
97213314,mazahery
97212748,mehabadi
97213122,memarnejad
97212501,mhmoradi
97212759,mirzaie
97201823,mmaghajani
97213347,mohammadaletaha
97213303,mohammadian
97213093,mohammadsalehim
97212664,morezaei
97213188,mrezakhani
97213325,mrjyousefi
97213252,mssalehi
97213466,mvilani
97212772,myousefi
97201618,mzendedel
97201653,nikkhah
97213133,nrasadi
97201483,ousat
97201097,pbehnamghader
97213409,pouyath
97212589,ptashakori
97213058,rkarami
97212397,sadeghpour
97201664,saeidakbari
97201878,samanbazargani
97212686,samiei
97213109,samoh
97212629,semohosseini
97212856,sezzati
97213071,sganji
97212867,sghazanfari
97213047,sghobadi
97213069,shahabkarimi
93105329,shahamatnaderi
97213025,shahrivari
97213444,shnaseri
93105578,sihajimiri
97212512,sinayari
97212878,smohseni
97212704,smrsalehi
97213036,sobhi
97212697,sohrabbeig
97212318,stajdari
97212942,vbashiri
88300057,a_soltani
97301797,aaghamohammadi
97301872,aasgharzadeh
93302075,abaraani
89300154,abin
97301775,abrishami
96301751,adejkam
96301581,afreshte
98301166,afshari
82205209,agajani
96301592,aghakasiri
97301804,aghvami
93300200,ahashemi
id: ahmadiankhameneh: No such user,ahmadiankhameneh
93302137,ahmadvand
92301763,ahosseini
84200697,ajerlou
96301698,akbarzadeh
97301797,alaghamohammadi
88300688,aliakbary
91350412,alidad
90301605,alinezhad
92350017,alirezafarhadi
400301137,alrasekh
97301848,amalekzadeh
93302212,aminsabzmakan
93302194,amirkhany
99302012,amirmoradi
99301927,arazkhani
99302078,arefi
88300706,arjomand
92350028,ashourion
99301984,ashraf
89301086,atabatabaei
97301956,ataheri
92302243,ataie
7012,ayat
7005,azgomi
98301144,azizikhadem
89301086,aztabatabaei
80306318,b_akbari
91301823,b_momeni
80208308,babaali
92300061,baghoolizadeh
80209509,bahrani
92350041,bakhthemmat
93302075,baraani
88209714,bazzaz
97301934,bitarafan
90301576,bokaei
91301364,boorghany
97301923,boreshban
95301182,bsafaei
83305928,d_rahmati
85300766,daneshpajouh
94301829,daraby
id: darmanaki: No such user,darmanaki
87302008,davoodabadi
98301058,davoodnia
400300324,dinashi
86202733,dorri
87301409,dousti
7013,ebrahimi
94301807,echeshmikhani
95301244,ehabibiphd
96300347,ehnkhosravi
87301669,elaheh_hosseini
94301818,elkhani
88302078,entezari
98301093,eskandari
85301727,f_amin
87301693,f_zamani
91302274,fahimehfooladgar
89301929,farajipour
90301616,farbeh
97301901,farhadtaheri
84106201,fazli
92350147,fbaharvand
7018,feili
87301671,feyzbakhsh
99302775,ffiroozi
99302418,foshati
88300739,fotouhi
97301826,frastegar
97300027,fsharifi
90300066,ftabataba
id: g.txt: No such user,g.txt
91350401,ghaemi
90350024,ghahramani
79302104,gharehbaghi
93302097,gharehchamani
89301761,gharib
84301288,ghassemi
97300479,ghavami
92350211,gholamim
92301796,golestani
99302045,gooran
83202169,h_khasteh
85205591,ha_ghasemzadeh
93302234,hadian
92300072,hafez
7024,haghighi
91301353,haghshenas
96301621,hajimaghsoodi
7019,hamdin
80302703,harati
98301239,hasanih
93300100,hatalebi
82223118,hesami
91350297,hesammohseni
7023,hfaili
90300077,hfalahati
id: hkolahi: No such user,hkolahi
90350154,hmahyar
89104975,hmoghimi
96301795,hnaderi
94301853,hnasiri
400300981,hokama
88300728,htalebi
88300752,hyousefi
97301786,ismkhan
92350436,jadidif
93302148,jafarin
85300852,jahangard
94301789,jasemi
5103,kahe
98301082,kalemati
79304301,kargahi
84206129,keramati
7015,keshtgar
92301814,khajenezhad
97301945,khalatbari
7007,khansari
94301915,khatchatoorian
88300717,khorram
7006,khosravi
99301995,kiamarzi
91301307,kishani
84200459,koohi
86300916,la_arshadi
93302115,lajevardi
81304904,m_amiri
83201023,m_bashiri
82249907,m_fazeli
86300616,m_hosseini
95301288,m_mahini
85702918,m_naderan
93300396,m_ramezani
82120718,ma_habibi
92350074,mafiz
95301211,mahani
95301266,mahdi
79175501,mahini
7020,mahjur
86301418,mahrooghi
7014,mahvash
96301738,makarimi
87301369,makki
90302261,malekimajd
99300077,malekzaadeh
95301222,malizadi
95301169,mansari
90302294,masadia
85208072,mashayekhi
96300411,masoudianm
93300147,mazloumi
97300413,mazolfaghari
92302424,mbagheri
99302742,mdadbakhsh
91350348,mehdirezaei
98301122,memoradi
95301193,mfarzam
87302021,mhadavi
400301545,mhemati
86201918,mhsadi
91301918,mhzangooei
99302797,mirbeygi
82196308,mirjalali
86301153,mirroshandel
84300934,mizanian
92301785,mnabavi
99301973,mnilipour
id: mntesti: No such user,mntesti
3000,moaven
82263004,modarressi
90300088,mohajjel
87701888,mohammad_salehi
97301991,mohammadii
93302053,mohebrahimi
84206731,mohseni
96301608,moradnejad
84109672,moslem_habibi
87301347,mostafa_salehi
92350158,motaheri
87301788,mr_beheshti
97300402,mrbahrami
94301734,mrivadeh
91350231,msafi
91350304,msepehri
91350242,mssadeghi
98301109,mstfvi
98301217,mtehrani
88300785,muhammadi
88300796,n_moosavi
94302139,najafy
92350103,najkar
91350275,nazemipour
91302285,nhassanpour
96301802,nhemmati
7002,niamanesh
96301665,nikaein
95301299,nikahd
97301912,nkavand
92301847,nmaghsoodi
id: noferesti: No such user,noferesti
400300776,noohi
86300316,nouribygi
84301096,nourybay
93302675,osia
86300192,p_khadem
82214518,patooghy
97301894,psadeghi
90301587,raad
400300957,rabohlooli
85208061,rahban
13970820,rahimian
7001,rajabzad
92301825,ramezanpour
7022,ramtin
93302686,rashidy
99301949,rayat
99302623,razani
94300321,rdehghani
93350032,rnarimani
91301278,rohbani
7003,rostamab
88300774,s_amiri
99302764,saalavi
97301883,sadeghzadeh
93302161,sadrosadati
13940708,sadrossadat
91301245,safarnejad
83203873,safayani
91350394,sajadi
91301234,salehe
94301897,salimi
92301739,salkhordeh
7021,saniee
90350057,saraeian
400300924,sarafraz
92301869,sattari
93302172,seifoori
94301904,seifossadat
95301328,sepehr
79301302,shahriari
90301598,shalipour
86300298,shamsaie
96301687,shebrahimi
92302168,shoja
92302219,shsedaghat
94301745,shshahrokhi
96301762,siar
400300313,sinafarahzad
90302175,smahdavi
93302159,smhoseini
98301071,smpasandideh
97301837,smtaheri
98301993,soleimanim
94301886,srastegar
95300186,ssafari
92301858,syousefi
83305906,t_lotfi
93302223,tabatabayiseifi
7016,tahaee
89302071,tahani
91301289,taheris
90301724,tajgardoon
87202446,tanhaei
91350218,tarahomi
92301774,tarihi
79115118,tavakkol
92301803,tavassolipour
92301752,teimoori
91301291,tinati
87202508,toony
98301069,toutounchian
87301336,v_abolghasemi
97301861,valueian
82274308,veisi
id: vnlab.txt: No such user,vnlab.txt
1234,webmaster4
96300371,yabedini
83304103,yaghmaee
96302178,yalame
400301591,yosefinezhad
91302228,yzamani
88300763,z_ahmadi
91302382,z_rahaie
98301155,zabolian
7004,zarandi
92301836,zarezade
id: zarezade.960126: No such user,zarezade.960126
id: zarezade.new.ok: No such user,zarezade.new.ok
91301329,zeinali
95300197,zfallahnejad
